NOM DE LA BIBLIOTHEQUE,ADRESSE PHYSIQUE,CP,COMMUNE,TELEPHONE,ADRESSE MAIL,HORAIRES D_OUVERTURE,lat,long
"BIBLIOTHEQUE INTERCOMMUNALE ""La Mine du Livre""",8 rue des Ecoles  ,44170,ABBARETZ,02.40.87.21.84,bibliotheque.abbaretz@orange.fr,Me 10h30-12h  V. 16h30-18h30 ,47.548679,-1.532216
BIBLIOTHEQUE,24 avenue des Acacias,44140,AIGREFEUILLE SUR MAINE,,biblio.aigrefeuille@gmail.com,Mer 10h-12h   S. 10h-12h,47.07872,-1.405909
"MEDIATHEQUE ""La Pléiade""",Place de la République,44150,ANCENIS,02.40.83.22.30,mediathequeancenis@yahoo.fr,"Ma 14h-18h  Mer 10h-18h    J. 10h-13h
V. 14h-18h    S. 10h-18h",47.3647,-1.183289
"BIBLIOTHEQUE ""Marcel Rouvreau""",Impasse des Sports,44150,ANETZ,02.40.83.31.95,bibliotheque-anetz@wanadoo.fr,Me 10h-12h/15h-18h   V. 17h-18h30   S. 10h-12h   D. 10h30-11h30,47.381945,-1.103324
BIBLIOTHEQUE MUNICIPALE,Mairie,44320,ARTHON EN RETZ,09.80.59.25.65,,Mer 9h30-11h30   S. 10h-11h30   D. 11h-11h30,47.119515,-1.956273
BIBLIOTHEQUE MUNICIPALE,Mairie,44320,ARTHON EN RETZ - LA SICAUDAIS,,,Mer 10h-12h   S. 11h-12h30   ,47.205706,-2.044069
"BIBLIOTHEQUE ""Le Pré aux livres""",Rue de la Fontaine,44410,ASSERAC,02.40.01.72.86,bibliotheque.asserac@orange.fr,Mer 10h-12h/16h30-18h30  V. 16h30/18h30  S. 10h-12h ,47.4303,-2.391894
BIBLIOTHEQUE MUNICIPALE,24 rue de Plessé ,44460,AVESSAC,02.99.91.00.97,bibliotheque.avessac@orange.fr,Ma 16h30-18h   Mer 14h30-18h  J.16h30-18h45   S. 10h-12h30,47.652175,-1.986671
BIBLIOTHEQUE MUNICIPALE,5 rue des Landes,44450,BARBECHAT,02.51.79.74.08,,Me 16h30-18h30 (2e et 4e)   S. 10h45-12h (1er et 3e)   D. 11h-12h,47.276978,-1.290546
"MEDIATHEQUE ""René Guy Cadou""",Place de la Chantrie,44115,BASSE GOULAINE,02.40.06.00.22,mediatheque@basse-goulaine.fr,Ma  16h-18h30   Mer 10h-12h/14-18h   J. 16h-18h30  V. 16h-18h30   S. 10h-12h/14h-17h,47.216015,-1.465625
BIBLIOTHEQUE INTERCOMMUNALE DE LA COTE SAUVAGE,11 rue de la Plage,44740,BATZ SUR MER,02.40.23.89.51,bicsbatz@wanadoo.fr,L. 10h-12h  Ma 16h-18h30   Mer 10h-12h30  V. 16h-18h30   S. 14h30-17h,47.276853,-2.480827
"BIBLIOTHEQUE ""Les Belles lignes""",7 rue de l'Océane ,44370,BELLIGNE,02.40.96.90.70,biblio.belligne@orange.fr,"Ma 16h30-18h30  
Mer 10h-12h/14h30-18h  V. 16h30-18h30  S. 10h-12h   D. 10h30-12h",47.46521,-1.034329
BIBLIOCLUB,3 chaussée du Pays de Retz ,44760,BERNERIE EN RETZ (LA),02.51.74.68.47,biblio.club@wanadoo.fr,"Ma 10h-12h/16h30-17h30    Mer 10h-12h  
V. 10h-12h   S. 10h-12h/15h-18h",47.0805936,-2.0361654
"MEDIATHEQUE MUNICIPALE ""George Sand""",25 rue de la Mairie,44160,BESNE,02.40.61.76.35,bibliotheque.besne@wanadoo.fr,Ma 15h-18h  Me 10h-12h30/15h-18h   V. 15h-18h   S. 10h-12h30,47.396263,-2.092172
"BIBLIOTHEQUE MUNICIPALE ""René Guy Cadou""",4 place de la poste,44140,BIGNON (LE),02.51.70.13.93 ,biblio.lebignon@gmail.com,L. 17h-19h Me  10h30-12h30/14h30-17h V. 17h-19h S.10h30-12h30,47.098507,-1.4906001
"MEDIATHEQUE ""Le Puits au Chat""",Passage Sophie Scholl,44130,BLAIN,02.40.79.05.30,mediatheque@ville-blain.fr,"Ma 9h30-13h/16h30-18h Mer 9h30-13h/13h30-18h  J. 16h30-18h  
V. 16h30-18h30 S. 9h-13h",47.47602,-1.765249
"BIBLIOTHEQUE INTERCOMMUNALE ""Aux lettres du moulin""",Place de la Mairie,44430,BOISSIERE DU DORE (LA),02.40.97.51.42,,Ma 16h30-18h  D. 10h30-12h,47.2318296,-1.2180354
"BIBLIOTHEQUE ""Porte-plume""",4 rue de la Garenne,44540,BONNOEUVRE,02.40.97.03.16,porteplume44@gmail.com,Me 15h-16h30  V. 17h18h30  S. 11h30-12h15,47.527632,-1.239084
MEDIATHEQUE MUNICIPALE,Place du Marché   ,44830,BOUAYE,02.40.32.63.03,bibliotheque@mairie-bouaye.fr,Mer 10h-12h/14h-17h   J. 9h-12h  V. 16h-19h  S. 10h-12h/14h-16h,47.142235,-1.689184
BIBLIOTHEQUE INTERCOMMUNALE,8 place de l'Eglise,44260,BOUEE,,bibliotheque.bouee@orange.fr,Ma 16h30-18h  Mer 15h-18h  S.10h30-12h ,47.319249,-1.909952
BIBLIOTHEQUE MUNICIPALE,Rue de la Taillée,44580,BOURGNEUF EN RETZ,02.40.21.95.39,bibliothequebourgneufenretz@gmail.com,Mer 17h-18h30   S. 10h30-12h30,47.041455,-1.955494
BIBLIOTHEQUE MUNICIPALE,Place de l'Eglise,44190,BOUSSAY,02.51.71.89.72,,Mer 10h30-12h   D. 10h30-12h,47.043585,-1.186429
BIBLIOTHEQUE MUNICIPALE,12 rue Louis Guihot,44130,BOUVRON,02.28.01.20.54,bibliotheque.bouvron@orange.fr,Ma 16h30-18h  Me 16h30-18h  J. 10h30-12h  D. 10h30-12H,47.418357,-1.849482
BIBLIOTHEQUE MUNICIPALE,Espace des Clos Mats,44830,BRAINS,02.40.65.54.40,communication@mairie-brains.fr,Mer 16h30-18h30   V. 16h30-18h  S. 10h30-11h30,47.169937,-1.724726
BIBLIOTHEQUE INTERCOMMUNALE,"L'Arche, Rue Saint-Victor",44260,CAMPBON,02.28.01.83.10,bibliotheque.campbon@cc-loiresillon.fr,Me 9h30-12h30/14h-18h30  V. 16h-18h30  S. 9h30-12h30,47.360867,-1.942114
BIBLIOTHEQUE,Place de la Mairie ,44390,CASSON,02.40.77.63.23,bibliotheque@casson.fr,Mer 15h-17h    S. 10h15-1h45   D. 10h30-12h,47.387069,-1.557801
"BIBLIOTHEQUE ""Point-Virgule""",12 rue des Mazères,44850,CELLIER (LE),02.40.25.44.82,bibliotheque@lecellier.fr,Mer 10h-12h/15h-18h30  V. 16h-18h30  S. 10h-12h,47.3179544,-1.3469833
BIBLIOTHEQUE MUNICIPALE,Espace Jean Clareboudt Rue du Calvaire,44450,CHAPELLE BASSE MER (LA),02.40.33.37.93,bibliocbm@orange.fr,Mer 10h-12h/4h30-17h   V. 16h30-18h30  S. 15h-17h  D. 10h-12h,47.2711242,-1.3392352
"MEDIATHEQUE ""Gaston Leroux""",Rue de Penlys  ,44410,CHAPELLE DES MARAIS (LA),02.40.42.42.00,mediatheque@chapelledesmarais.fr,Ma 16h30-18h30  Me 10h-13h/14h30-18h30  V. 16h30-18h30  S. 10h-13h,47.445473,-2.2359079
BIBLIOTHEQUE INTERCOMMUNALE,Rue Principale,44670,CHAPELLE GLAIN (LA),02.40.28.35.96,biblio.chapelle.ccc@orange.fr,Ma 10h -12h15   S. 10h-11h15    D. 10h45-11h30  (1er),47.6224841,-1.1965198
"BIBLIOTHEQUE INTERCOMMUNALE ""Au plaisir de lire""",22 rue Georgette Drouet,44330,CHAPELLE HEULIN (LA),02.28.21.60.27,,Me 10h30-12h  S 10h30-12h  D. 10h30-12h,47.175037,-1.337481
BIBLIOTHÈQUE INTERCOMMUNALE,Rue du Sacré Cœur,44260,CHAPELLE LAUNAY (LA),09.61.57.01.01,bibliotheque.lachapellelaunay@cc-loiresillon.fr,Mar 16h-18h30  Mer 10h-12h/14h-18h30  S. 10h-12h,47.3698434,-1.9699143
BIBLIOTHEQUE,102 rue du Fresnes,44370,CHAPELLE SAINT SAUVEUR (LA),,mairie.chapstsauv@wanadoo.fr,Mer 14h30-15h30   S. 11h-12h,47.4401959,-0.9836859
BIBLIOTHEQUE,Centre Culturel du Moulin Chupin,44690,CHATEAUTHEBAUD,,,Mer  15h-16h30   S. 15h-16h30,47.125943,-1.422948
BIBLIOTHEQUE MUNICIPALE,Allée du Théâtre,44320,CHAUVE,02.40.64.37.34,bibliotheque-chauve@orange.fr,Ma 16h30-17h30  Mer  10h-12h30   V 16h30-18h30. 10h-12h30   D. 10h30-12h,47.150655,-1.986339
BIBLIOTHEQUE,3 place Saint Martin,44640,CHEIX EN RETZ,,mairie.cheixenretz@wanadoo.fr,Ma 18h-19h   D. 10h30-12h,47.18177,-1.815174
"BIBLIOTHEQUE ""Le Marque Page""",10 rue de Pornic,44680,CHEMERE,02.40.21.30.37,bibliotheque.chemere@orange.fr,Ma 18h-19h   Mer  10h-12h   S. 10h-12h,47.121818,-1.916117
"BIBLIOTHEQUE ""Au plaisir de lire""",Rue Traversière,44810,CHEVALLERAIS (LA),,,Me. 10h-12h   D. 10h-12h,47.466045,-1.668111
"MEDIATHEQUE ""Le GrandLieu""",3 place Saint Martin,44118,CHEVROLIERE (LA),02.40.31.32.58,bibliotheque@mairie-lachevroliere.fr,"Ma 17h-18h30   Me 10h-12h/15h-17h   V. 17h-18h30   S. 10h-12h  
D. 11h-12h",47.0938919,-1.6119641
BIBLIOTHEQUE MUNICIPALE,36 rue des Halles  ,44190,CLISSON,,,Ma 16h30-18h30  Mer 15h30-17h30  V. 10h-11h/16h30-19h,47.086832,-1.282297
BIBLIOTHEQUE MUNICIPALE,22 bis place de l'Eglise,44290,CONQUEREUIL,02.40.87.65.02 ,jmpmairie.conquereuil@orange.fr,Mer 14h30-16h30   J. 9h30-11h30  ,47.624808,-1.750669
BIBLIOTHEQUE MUNICIPALE,1 rue du 8 mai,44650,CORCOUE SUR LOGNE,02.40.05.87.28,,Mer 10h30-12h   D. 10h30-12h,46.966348,-1.576812
"MEDIATHEQUE ""Jacques Feirand""",Avenue des 4 Vents,44360,CORDEMAIS,02.40.57.82.20,mediatheque@cordemais.fr,Mar 16h30-18h30 Mer 10h-12h/14h-18h30 Jeu 16h-18h30 Sam 10h-13h,47.29182,-1.876902
BIBLIOTHEQUE,Rue des Prés,44560,CORSEPT,02.40.27.85.35 ,bibliothequecorsept@orange.fr,Ma 10h-12h  Me 16h-18h  V. 16h-18h  S. 10h-12h,47.277162,-2.057048
BIBLIOTHEQUE,3 rue des Marquises,44521,COUFFE,02.40.96.37.28,,Mer 16h-17h  V. 18h30-19h30 (2e et 4e)  D. 11h-12h30,47.394923,-1.285324
BIBLIOTHEQUE INTERCOMMUNALE DE LA COTE SAUVAGE,15 rue Jean-Jacques Rousseau,44740,CROISIC (LE),02.40.23.20.89,bicsbatz@wanadoo.fr,L. 16h-18h30  Me 14h30-17h  J. 10h-12h  V. 16h-18h30  S. 10h-12h,47.293018,-2.51282
BIBLIOTHEQUE INTERCOMMUNALE,Impasse des Petits Matelots,44160,CROSSAC,02.40.01.06.08,bibliocrossac@cc-paysdepontchateau.fr,Ma 16h-18h30  Me 10h-12h/15h-18h  S. 9h30-12h,47.411822,-2.171871
BIBLIOTHEQUE INTERCOMMUNALE,15 rue de la Tour Saint Clair ,44590,DERVAL,02.40.28.03.96,bibliotheque.derval@orange.fr,Ma 16h30-18h45   Mer 10h-12h/15h-17h   S. 10h-12h    D. 10h-12h,47.66744,-1.670442
"MEDIATHEQUE ""Jules Verne""",13 rue Laënnec ,44480,DONGES, 02.40.91.01.31,mediatheque@ville-donges.fr,J. 9h30-12h15   V. 14h30-18h    S. 9h30-12h15  ,47.319066,-2.074836
BIBLIOTHEQUE INTERCOMMUNALE,1 rue des Tilleuls,44530,DREFFEAC,02.40.17.60.54,bibliodreffeac@cc-paysdepontchateau.fr  ,Mer 10h-12h/16h-18h  V. 16h-18h   S. 10h-12h   ,47.5197,-1.955174
BIBLIOTHEQUE INTERCOMMUNALE,4 place de la Mairie,44110,ERBRAY,02.40.28.35.32,bibliothequeerbray@orange.fr,L. 10h-12h   Ma 17h30-19h  S. 10h30-12h   D. 11h-12h,47.65457,-1.317239
"MEDIATHEQUE ""La Grange"" ",2 rue Georges Sicard,44130,FAY DE BRETAGNE,02 40 87 33 65,bruno.piszczorowicz@faydebretagne.fr,Ma 10h-12h Me 10h-12h/15h-17h V. 16h-18h S. 10h à 12h D.10h30-12h15,47.415825,-1.79446
BIBLIOTHEQUE,2 rue Jean du Dresnay,44460,FEGREAC,02.40.91.28.62(merc. matin),,Mer 10h30-12h  S. 10h30-12h  D. 10h30-12h,47.585137,-2.044586
BIBLIOTHEQUE INTERCOMMUNALE,9 rue de la Mairie  ,44660,FERCE,02.40.28.75.53,,Me 10h30-11h30/16h-17h30  V. 14h-16h30  S. 10h30-12h,47.79554,-1.415766
"BIBLIOTHEQUE ""Fresnay lecture""",Allée des Sports,44580,FRESNAY EN RETZ,02.51.74.50.27,fresnaylecture@yahoo.fr,Mer 14h-16h   S. 14h30-16h   D. 10h30-12h,47.025707,-1.87796
BIBLIOTHEQUE,Rue du Calvaire,44320,FROSSAY,,,Me 10h-11h30  D. 10h30-11h30 (2e et 4e),47.24442,-1.933049
"BIBLIOTHEQUE ""De la forêt aux livres""",Impasse du Muguet,44130,GAVRE (LE),,biblio.legavre@orange.fr,Mer 10h30-12h   D. 10h30-12h,47.5202178,-1.7478171
BIBLIOTHEQUE,Place de la Madeleine,44140,GENESTON,02.40.26.18.83,bibliothequegeneston44@orange.fr,Ma 16h45-17h45   Me 15h-17h   S. 10h30-12h15,47.055439,-1.513679
"BIBLIOTHEQUE ""des Ch@nges""",3 rue des Changes,44190,GETIGNE,02.40.36.13.96,bibliothequedeschanges@getigne.fr,L. 16h30-18h30  Me 10h30-12h30/15h-18h30  S. 10h-12h30,47.075663,-1.247467
"MEDIATHEQUE ""Au fil des mots""",Rue Boisteau,44190,GORGES,02.40.06.56.54 ,bibli.gorges@laposte.net,L. 17h-19h  Mer 9h30-12h/17h-18h30   S. 10h-12h,47.101471,-1.301754
BIBLIOTHEQUE INTERCOMMUNALE,Place Saint Henri,44520,GRAND AUVERNE,02.40.07.72.38,biblio.grandauverne.ccc@orange.fr,Me 14h-16h  D. 11h-12h,47.59197,-1.329479
BIBLIOTHEQUE MUNICIPALE,Rue de Cèdres,44119,GRANDCHAMP DES FONTAINES,02.40.77.13.47,bibliotheque@grandchampdesfontaines.fr,Mer 10h-12h/14h-17h   V. 16h-18h   S. 10h-12h  D. 10h30-12h,47.363956,-1.606929
"BIBLIOTHEQUE INTERCOMMUNALE ""Le Cirque des Pages""",5 rue de l'Abbé Mérel ,44170,GRIGONNAIS (LA),02.40.87.52.07,biblio.lagrigonnais@orange.fr,Mer 10h-12h   S. 10h-12h   D. 10h-12h,47.525948,-1.667433
"MEDIATHEQUE ""Marcelle MAURETTE""",5 rue Saint Jean,44290,GUEMENE-PENFAO,02.40.51.14.73,mediatheque-guemene-penfao@orange.fr,Ma 14h-18h30 Mer 10h-12h30/14h-18h   J. 16h-18h  V. 10h-12h30/16h-18h   S. 10h-13h,47.628117,-1.833199
BIBLIOTHEQUE INTERCOMMUNALE,12 rue André Caux,44530,GUENROUET,02.40.87.80.06,biblioguenrouet@cc-paysdepontchateau.fr,Ma 16h30-19h Me 15h30-18h  J. 16h30-18h  S. 10h-12h  D. 10h-11h30,47.519519,-1.956018
BIBLIOTHEQUE MUNICIPALE,2 place Beau Soleil,44115,HAUTE GOULAINE,02.40.06.24.75,bibhautegoulaine@wanadoo.fr,"L. 14h-15h  Ma  9h30-12h   Mer 10h-12h/14h-17h30  
V. 16h30-18h30     S. 10h-12h",47.199923,-1.430483
BIBLIOTHEQUE,6 rue de la Gare,44690,HAYE FOUASSIERE (LA),02.40.54.87.10,bibliotheque@la-haye-fouassiere.fr,Ma 16h-18h  Mer 10h-12h30/16h-19h  V. 16h-18h   S. 1h-12h30,47.1553561,-1.3994545
BIBLIOTHEQUE MUNICIPALE,Espace culturel François Mitterand 1 rue Fontaine Saint Jean  ,44410,HERBIGNAC,02.51.76.90.40,bibliotheque@herbignac.com,Ma 16h30-18h30 Me 10h-12h/14h-17h  V. 16h30-18h30  S 10h-12h/14h-17h,47.448135,-2.319263
"LA MEDIATHEQUE""",Rue Saint Pierre,44810,HERIC,02.40.57.96.01,bibliotheque@heric.fr,Ma 16h-18h30 Mer 10h-12h30/14h-17h  J. 10h-12h30   V. 16h-18h30  S. 10h-12h30/14h-17h,47.41173,-1.650774
BIBLIOTHEQUE MUNICIPALE,Maison des Associations 2 rue du Stade ,44610,INDRE,02.40.85.46.16,bibliotheque@indre44.fr,Ma 9h-12h   Mer 9h-12h/14h-18h   J. 9h-12h  S. 9h-12h,47.19857,-1.671124
BIBLIOTHÈQUE INTERCOMMUNALE,2 rue du Chêne Piraud,44520,ISSE,02.40.55.17.56,biblio.isse.ccc@wanadoo.fr,Ma 16h-18h   Mer 14h30-18h  V 9h-10h30/16h-18h   S. 10h30-12h  ,47.62248,-1.452609
BIBLIOTHEQUE INTERCOMMUNALE,8 place de l'Eglise,44170,JANS,,bibliothequedejans@orange.fr,S. 10h-12h,47.62243,-1.612009
BIBLIOTHEQUE de l'Escapade,141 rue du Bocage,44440,JOUE SUR ERDRE,02.40.72.39.77,bibliotheque.jouesurerdre@wanadoo.fr,Mer 10h30-12h30  S. 10h30-12h30/15h-17h    D. 10h30-12h30,47.496005,-1.418526
BIBLIOTHEQUE INTERCOMMUNALE,Impasse Arago,44670,JUIGNE LES MOUTIERS,,,L. 14h-16h30   Ma 16h30-17h15,47.679745,-1.185629
"BIBLIOTHEQUE MUNICIPALE ""Comme un roman""",2 bis rue Saint Vincent,44430,LANDREAU (LE),02.40.03.76.31,bibliothequelelandreau@orange.fr,Mer 10h30-12h30/14h30-17h   V. 16h30-19h  S. 10h-12h   D. 10h30-11h30,47.2038829,-1.3057854
BIBLIOTHEQUE INTERCOMMUNALE,1 bis rue de la Mairie,44260,LAVAU SUR LOIRE,02.40.04.08.76,bibliotheque-de-lavau@orange.fr,Me. 16h30-17h30   D. 10h30-11h30,47.30954,-1.965349
"BIBLIOTHEQUE ""Atout lire""",8 rue de la Chaussée ,44650,LEGE,02.40.26.35.00,,Mer  15h30-17h30   S. 11h30-12h30   D. 10h30-12h,46.884917,-1.596246
"BIBLIOTHEQUE MUNICIPALE ""Antoine de Saint Exupéry""",40 rue de Vieillevigne,44850,LIGNE,02.51.12.26.11,biblio@ligne.fr,Me 10h-12h/14h-18h30  V. 16h-18H30   S. 10h-12h  D. 10h-12h,47.407884,-1.369268
BIBLIOTHEQUE,"Espace Jean de la Fontaine,Place Sainte-Thérèse",44310,LIMOUZINIERE (LA),02.40.05.99.19,biblio.limouziniere@wanadoo.fr,Ma 15h30-18h  Mer 10h-12h/14h-16h    J. 17h30-19h    S. 14h30-11h30,46.993419,-1.59627
"MEDIATHEQUE ""Les Quatre Vents""",4 rue du Jeu de Paume,44430,LOROUX-BOTTEREAU (LE),02.40.33.82.76,biblio@loroux-bottereau.fr,Mer 10h30-12h/14h-18h   J. 16h30-19h   S. 10h30-12h/15h-17h   D. 10h30-12h,47.2384729,-1.3499634
"BIBLIOTHEQUE INTERCOMMUNALE ""La Grange aux poètes""",4 rue de la République,44110,LOUISFERT,,biblio.louisfert.ccc@orange.fr,Mer 10h-12h  D. 10h-12h,47.67594,-1.433947
"BIBLIOTHEQUE INTECOMMUNALE ""Au fil des mots""","Espace Harmonie, 1 rue de la Gare",44590,LUSANGER,02.40.07.65.10,bibliothequedelusanger@orange.fr,Mer 14h30-17h   S. 10h-12h   D. 10h-12h,47.680606,-1.587809
BIBLIOTHEQUE,7 rue des Bouchers,44270,MACHECOUL,02.40.31.47.61,bibliotheque@machecoul.fr,L. 16h-18h Ma 16h-18h   Mer 9h30-12h/16h-18h V. 9h30-12h/16h-18h   S. 9h30-12h,46.992014,-1.819199
"BIBLIOTHEQUE ""A livre ouvert""",Maison des Associations 19 rue de la Mairie,44690,MAISDON SUR SEVRE,02.40.05.98.61,,Mer 10h15-11h45  J.18h30-19h30   D. 10h15-11h45,47.154282,-1.398709
BIBLIOTHEQUE INTERCOMMUNALE,8 place de l'Eglise,44260,MALVILLE,02.40.56.02.24,communication-bibliotheque@malville.fr,Ma 16h-18h   Mer 14h-18h  S. 9h-12h30,47.360666,-1.863781
"BIBLIOTHEQUE ""La Marne ce livre""","Salle de l'Ormeau, Rue des Sports",44270,MARNE (LA),02.40.26.29.32,celivre.communedelamarne@sfr.fr,Mer 16h30/18h   S. 11h-12h30 ,46.9934817,-1.744507
"BIBLIOTHEQUE INTERCOMMUNALE ""Mille et une pages""",18 rue Saint Martin,44170,MARSAC SUR DON,,bibliothequedemarsac@orange.fr,Ma 17h-19h  Me 15h30-17h30  S. 10h-12h  D. 10h-12h,47.596961,-1.677705
BIBLIOTHEQUE,1 ter rue Saint Benoît,44290,MASSERAC,02.40.79.35.12,mediatheque-masserac@orange.fr,Ma 14h30-16h30  Mer 15h-17h  V. 16h30-18h  S. 10h-12h,47.67243,-1.912849
BIBLIOTHEQUE,31 rue de la Mairie,44540,MAUMUSSON,02.28.00.94.56,,Ma 16h30-18h   D. 10h30-12h,47.480565,-1.107209
"BIBLIOTHEQUE MUNICIPALE ""George Sand""",15 rue du Cellier  ,44470,MAUVES SUR LOIRE,02.40.25.05.63,biblio.mauves@wanadoo.fr,Ma 16h-19h   Mer 16h-19h   V. 16h-19h   S. 10h-12h30,47.300013,-1.387467
BIBLIOTHEQUE INTERCOMMUNALE,72 rue des Frères Templé,44520,MEILLERAYE DE BRETAGNE (LA),02.28.50.44.78,bibliotheque.meilleraye@orange.fr,Ma 16h30-18h30   Mer 15h-17h   S. 10h30-12h   D. 10h30-12h,47.566059,-1.397221
"BIBLIOTHEQUE ""Les mille et une pages""",Rue des Arts,44522,MESANGER,02.40.96.86.87,bibliotheque@mairiemesanger.fr,Mer 10h-12h/15h-18h   V. 15h-18h   S. 10h30-12h30  D. 10h30-12h,47.44203,-1.236126
BIBLIOTHEQUE INTERCOMMUNALE,4 rue de la Fontaine St Jean,44780,MISSILLAC,02.40.19.32.31,bibliomissillac@cc-paysdepontchateau.fr,Mer 10h-12h30/15h-18h   V. 16h-18h   S. 10h-12h30   D. 10h-11h45,47.481612,-2.158956
BIBLIOTHEQUE INTERCOMMUNALE,3 place de l'Eglise,44520,MOISDON LA RIVIERE,02.40.07.59.88,biblio.moisdon.ccc@wanadoo.fr,Me. 14h-18h   V. 15h-18h30   S. 9h30-13h,47.62172,-1.372617
"BIBLIOTHEQUE ""Au plaisir de Lire""",7 rue de la Poste,44690,MONNIERES,02.28.21.66.19,monnieres.mairie@wanadoo.fr,Mer  10h-12h   V. 18h-19h   D. 10h-12h,47.132402,-1.354506
"MEDIATHEQUE ""Yves et Raymond Gaudin""",92 rue Violin,44620,MONTAGNE (LA),02.40.65.66.24,mediatheque@ville-lamontagne.fr,Ma 16h-19h  Mer 10h-12h/14h-18h   V. 15h-18h   S. 10h-12h/14h-16h,47.1912222,-1.6848769
BIBLIOTHEQUE,Rue de la Mairie,44140,MONTBERT,02.40.26.79.20,bibliothequemontbert@wanadoo.fr,Mer  10h-12h/14h-16h30   J. 16h30-18h   S. 10h30-12h30,47.057602,-1.487917
"MEDIATHEQUE MUNICIPALE ""Barbara""",7 rue du Berry,44550,MONTOIR DE BRETAGNE,02.40.70.11.51,mediatheque@montoirdebretagne.fr,Ma 15h-18h  Mer 10h-12h30/14h-18h   J 15h-18h  V. 15h-19h    S. 10h-12h30,47.329263,-2.15052
"BIBLIOTHEQUE ""Lire, Lire, Là""",3 place de l'Eglise,44590,MOUAIS,02.40.07.67.34,bliothequedemouais@orange.fr,Mer 14h-17h  D. 10h30-11h30 (dernier du mois),47.696292,-1.644456
"BIBLIOTHEQUE MUNICIPALE ""Raymond Devos""",Quartier du Diable Rue des Lutins,44760,MOUTIERS EN RETZ (LES),02.40.82.75.77,bm.lesmoutiersenretz@orange.fr,Mer 16h-18h30    S. 10h-12h30,47.063302,-2.000229
BIBLIOTHEQUE,5 rue du Bourg Drapé,44850,MOUZEIL,,,Ma 16h-17h30 (période scolaire)   S. 11h-12h30  D. 10h30-12h (1er),47.448012,-1.345817
"BIBLIOTHEQUE ""Source et Rêverie""",15 route d'Ancenis,44330,MOUZILLON,02.28.06.09.58,,Ma 16h30-18h  Mer 16h30-18h   S. 10H30-11h30    D. 10h30-12h,47.147292,-1.280531
BIBLIOTHEQUE,35 rue du Général Leclerc,44390,NORT SUR ERDRE,02.40.29.51.90,bibliotheque@nort-sur-erdre.fr,Ma 16h-18h   Me 10h-12h/15h-17h   V. 16h-19h   S. 10h-12h30,47.43899,-1.499399
BIBLIOTHEQUE,1 rue Pierre Civel,44130,NOTRE DAME DES LANDES,02.40.57.25.29,bibnotredame@gmail.com,Mer 10h30-12h   S. 10h30-12h   D. 10h30-12h,47.380465,-1.711489
BIBLIOTHEQUE INTERCOMMUNALE,5 rue des Troënes,44110,NOYAL SUR BRUTZ,02.40.28.09.58,blblio.noyal.ccc@orange.fr,Ma 10h-12h   Mer 14h-15h   S. 11h-12h30,47.775342,-1.345506
"BIBLIOTHEQUE INTERCOMMUNALE ""Tournepage""",21 rue Alexis Létourneau,44170,NOZAY,02.40.79.31.65,nathalie.leludec@cc-nozay.fr,"Ma 10h-12h/16h-18h30   Mer 10h-12h/14h-18h30    V. 16h-18h30
S. 10h-13h",47.56473,-1.626459
BIBLIOTHEQUE MUNICIPALE,72 rue Alphonse Fouschard,44521,OUDON,02.40.83.61.95,bibliotheque@oudon.fr,Mer 10h-12h30/14h30-17h30   S. 10h-12h30   D. 10h-12h,47.344755,-1.290404
BIBLIOTHEQUE INTERCOMMUNALE,15 place de l'Eglise ,44330,PALLET (LE),02.40.80.99.29,YSILLORAY@cc-vallet.fr,Mer 10h-12h/16h30-18h30   J. 16h30-18h30  S. 10h-12h   D. 10h-12h,47.138386,-1.335146
"BIBLIOTHEQUE ""Bouillons de lecture""",234 rue du Stade,44440,PANNECE,02.40.97.54.63,bibliotheque.pannece@orange.fr,Mer 11h-12h  S. 11h-12h  D. 10h30-12h30,47.485871,-1.238274
"BIBLIOTHEQUE ""Bibliorêve""",Place des Basses Marches,44270,PAULX,,,Ma 15h-16h30 (2/mois)   Me 17h-18h15   S. 11h-12h15,46.961947,-1.754223
"MEDIATHEQUE ""George Sand""",Allée George Sand,44640,PELLERIN (LE),02.51.79.81.90,martine.duchesne@ville-lepellerin.fr,Mer 10h30-12h/15h-17h30   V. 16h-19h   S. 10h30-12h/15h-17h30  ,47.1989538,-1.7545399
BIBLIOTHEQUE INTERCOMMUNALE,8 rue de la Mairie,44670,PETIT AUVERNE,02.40.07.79.76,biblio.petitauverne.ccc@orange.fr,Ma 16h30-18h (2e et 4e)   V. 16h30-18h (1er)  S. 11h-12h (3e),47.611705,-1.291349
BIBLIOTHEQUE MUNICIPALE,"Centre René Gassin, Route de Nort sur Erdre",44390,PETIT MARS,02.51.12.67.96,bibliotheque@petitmars.fr,Mer 10h-12h/16h30-18h30   V.16h30-18h30  S. 10h-12h         ,47.395775,-1.454839
BIBLIOTHEQUE,Place de la Mairie,44290,PIERRIC,02.40.28.94.86,,Mer 15h-17h  S. 10h30-12h30,47.687118,-1.735476
BIBLIOTHEQUE,14 rue du Sapin,44540,PIN (LE),,bibliothequedupin@hotmail.fr,Me 14h-15h (2/mois)   D. 10h30-11h15 (1/2),47.5892232,-1.1533345
"BIBLIOTHEQUE MUNICIPALE ""Joseph Rousse""",Place du Fort Gentil ,44770,PLAINE SUR MER (LA),02.51.74.81.92,bibliotheque.laplainesurmer@orange.fr,Mer  10h-12h/14h-17h   V. 10h-12h   D. 10h30-12h,47.1378795,-2.1908944
"BIBLIOTHEQUE ""Les Amis du Livre""",Centre Jacques Brel,44140,PLANCHE (LA),,,Mer 10h-11h30   S. 10h30-12h15,47.01626,-1.435536
"BIBLIOTHEQUE ""Michel Manoll""",1 rue Jules Verne,44630,PLESSE - BOURG,02.40.51.96.12,bibliotheque.manoll@wanadoo.fr,Mer 10h-12h   S. 10h-12h,47.542374,-1.884544
"BIBLIOTHEQUE ""Le Jardin des livres""",6 route de Plessé,44630,PLESSE - LE COUDRAY,,lesfables@wanadoo.fr,Mer 10h30-11h30   S. 10h30-11h30,47.541085,-1.888144
Association Les Fables de la Fontaine,1 rue du Calvaire,44630,PLESSÉ - LE DRESNY,02.40.51.39.83,,Me 10h30-12h   J. 15-16h30   S. 10h30-12h,47.541085,-1.888144
"MEDIATHEQUE MUNICIPALE ""Le 3e Lieu""",Passage de la Source    ,44860,PONT SAINT MARTIN,02.40.32.79.27,mediatheque@mairie-pontsaintmartin.fr,Ma 16h-18h  Mer 10h-12h30/14h-18h   V. 16h-18h   S. 10h-12h30-14h-16h,47.124252,-1.583982
BIBLIOTHEQUE INTERCOMMUNALE,10 rue Toulifaut,44160,PONTCHATEAU,02.40.01.61.17,bibliopontchateau@cc-paysdepontchateau.fr,"L. 14h30-16h30    Ma 16h30-18h30   
Mer 10h-12h/14h30-17h30   V. 16h30-18h30   S. 10h-12h/14h30-16h30",47.437426,-2.088056
BIBLIOTHEQUE MUNICIPALE,Route de Pornic ,44710,PORT SAINT PERE,02.40.03.18.30,bibliotheque@port-saint-pere.fr,Mer 10h30-11h30   V. 16h30-17h30  D. 10h45-11h45,47.134049,-1.747832
BIBLIOTHEQUE,176 rue de la Mairie,44522,POUILLE LES COTEAUX,02.40.09.94.46,pouillelescoteaux.biblio@orange.fr,Mer 16h-18h  S. 10h-12h,47.45575,-1.16321
BIBLIOTHEQUE INTERCOMMUNALE DE LA COTE SAUVAGE,3 rue du Croisic,44740,POULIGUEN  (LE),02.40.62.31.38,bicsbatz@wanadoo.fr,L. 16h-18h30  Ma 16h-18h30   Me 14h30-17h   V. 10h-12h  S. 10h-12h30,47.276845,-2.480819
BIBLIOTHEQUE INTERCOMMUNALE,2 boulevard de la Loire,44260,PRINQUIAU,02.28.01.76.72,bibliotheque.prinquiau@cc-loiresillon.fr,Ma 16h30-18h30  Mer 10h-12h/15h-17h  S. 10h-12h,47.360867,-1.942114
"BIBLIOTHEQUE INTERCOMMUNALE ""Au Puits du Livre""",1 rue des Gremets,44390,PUCEUL,02.40.79.28.12,bibliotheque.puceul@orange.fr,L 18h-19h    Me 10h-12h  S 11h-12h,47.52253,-1.619849
BIBLIOTHEQUE INTERCOMMUNALE,Rue de la Mairie,44260,QUILLY,02.40.91.88.10,bibliothequedequilly@wanadoo.fr,Ma 16h30-18h30  Mer 10h-12h  V. 16h30-18h30   S. 10h-12h  ,47.460147,-1.950564
BIBLIOTHEQUE INTERCOMMUNALE,Place du Prieuré,44330,REGRIPPIERE (LA),02.40.34.12.04,,Mer 10h-12h/15h30-18h  S. 10h30-12h   D. 10h30-12h,47.180676,-1.175756
BIBLIOTHEQUE,Place de l'Eglise,44430,REMAUDIERE (LA),,bibliotheque.laremaudiere@orange.fr,Me 10h30-12h    D. 10h30-12h,47.232333,-1.2199967
"BIBLIOTHEQUE ""D'un livre à l'autre""",Chemin de la Tour,44140,REMOUILLE,02.40.34.46.57,bibliothequeremouille@orange.fr,Mer 10h-12h  S. 10h-12h  D. 11h-12h,47.057232,-1.374482
"BIBLIOTHEQUE ""L'orange bleue""",Rue des Lilas,44440,RIAILLE,02.40.97.85.92,bibliotheque.riaille@orange.fr,Mer 15h-17h30  V. 16h30-18h30  S. 11h-12h30   D. 10h30-12h ,47.517842,-1.291862
"BIBLIOTHEQUE ""Plaisir de lire""",Rue Saint Michel,44522,ROCHE BLANCHE (LA),09.66.90.06.65,,Mer 15h30-17h30   S. 10h30-12h30,47.4408478,-1.1359627
BIBLIOTHEQUE,18 rue du Vieux Port,44640,ROUANS,02.40.64.28.42,rouans.bibliotheque@orange.fr,Mer 15h30-17h30   S. 10h30-12h  D. 10h30-12h,47.18643,-1.859279
BIBLIOTHEQUE INTERCOMMUNALE,1 rue du Vieux Rougé,44660,ROUGE,02.40.28.70.30,,Mer 16h-17h30   V. 10h-12h   S. 11h-12h30   D. 11h-12h30,47.783712,-1.448913
"BIBLIOTHEQUE ""La Cryptolivre""",48 place de l'Eglise,44370,ROUXIERE (LA),02.40.96.88.26,bibliotheque.montrelaisvarades@varades.fr,Ma 15h30-18h  Mer  10h15-12h   D. 10h15-12h15,47.443035,-1.067238
BIBLIOTHEQUE INTERCOMMUNALE,8 rue des Jonquilles,44660,RUFFIGNE,02.40.28.00.81,biblio.ruffigne.ccc@orange.fr,Ma 14h30-16h30  Mer 10h30-12h/16h-18h30  ,47.756825,-1.493552
"BIBLIOTHEQUE INTERCOMMUNALE ""Saffré-Lire""",Place du Séquoia,44390,SAFFRE,02.51.81.56.62,bibliotheque.saffre@orange.fr,Mer 11h-12h30   V 16h30-18h  S 11h-12h30   D 10h30-12h30,47.50141,-1.579639
"MEDIATHEQUE ""Le Jardin de lecture""",39 rue des Frères Rousseau,44860,SAINT AIGNAN DE GRANDLIEU,02.40.26.44.55,bibliotheque@mairie-st-aignan-grandlieu.fr,L. 16h15-19h   Mer 10h30-12h30  V. 16h15-19h  S. 10h30-12h30,47.1238543,-1.6305284
BIBLIOTHEQUE MUNICIPALE,1 rue Jules Ferry ,44117,SAINT ANDRE DES EAUX,02.51.10.62.64,bibliotheque.standre@wanadoo.fr,Ma 16h-18h   Mer 10h-12h/14h-18h   S. 9h-12h,47.317207,-2.308774
BIBLIOTHEQUE INTERCOMMUNALE,2 place de l'Eglise ,44110,SAINT AUBIN DES CHATEAUX,02.40.28.27.73,biblio.aubin.ccc@orange.fr,Ma 14h-16h30   Mer  15h30-17h   D. 10h30-12h30   ,47.719361,-1.485202
"BIBLIOTHEQUE ""St Co Lecture""",30 rue de l'Hôtel de Ville,44310,SAINT COLOMBAN,,saint_co_lecture@yahoo.fr,Me 15h-17h   V. 17h-19h  S. 10h30-12h,47.011295,-1.582184
"BIBLIOTHEQUE ""L'envol des livres""",12 rue Jean Garçon,44130,SAINT EMILIEN DE BLAIN,02.72.94.56.28,lenvoldeslivres@gmail.com,Mer 11h-12h    S. 11h-12h   D. 11h-12h,47.435945,-1.711732
BIBLIOTHEQUE,6 rue de l'Eglise,44270,SAINT ETIENNE DE MER MORTE,,,D. 11h15-12h15  (2e et 4e du mois),46.929155,-1.742576
BIBLIOTHEQUE MUNICIPALE,3 rue de la Paix,44360,SAINT ETIENNE DE MONTLUC,02.40.86.97.35,bibliotheque.christine.launay@st-etienne-montluc.net,"Ma 15h-18h30   Mer 9h30-12h/14h-17h   J 14h/17h  V. 9h30-12h/15h-18h30
S. 9h30-12h30",47.275205,-1.781194
BIBILOTHEQUE INTERCOMMUNALE,17 rue des Forges ,44530,SAINT GILDAS DES BOIS,02.40.66.74.64,bibliosaintgildas@cc-paysdepontchateau.fr,Me 15h-17h   V. 16h30-18h30   S. 10h-12h,47.51249,-2.038939
"BIBLIOTHEQUE ""Récré à lire""",2 impasse des Magnolias,44150,SAINT HERBLON,02.40.09.64.38,bibliothequestherblon@orange.fr,Mer 15h30-17h  S. 10h30-12h    D. 10h30-12h,47.4086,-1.098029
BIBLIOTHEQUE MUNICIPALE,3 bis rue de la Bonne Fontaine,44680,SAINT HILAIRE DE CHALEONS,02.40.31.73.30,bm@shc44.fr,Ma 16h30-18h30   Mer 10h30-12h/14h30-16h30   D. 10h30-12h,47.102985,-1.864461
BIBLIOTHEQUE,2 rue de la Vergnaie ,44190,SAINT HILAIRE DE CLISSON,02.40.54.35.13,mairie.biblio.hcl@wanadoo.fr,Mer 10h30-12h/16h30-18h30   J. 16h30-18h30   D. 10h30-12h,47.062814,-1.304913
"MEDIATHEQUE ""Edmond Bertreux""",Rue du 14 juillet,44640,SAINT JEAN DE BOISEAU,02.40.32.97.31,mediatheque@mairie-saint-jean-de-boiseau.fr,Ma 16h-18h30  Mer 10h-12h30/14h-18h  V. 16h-18h30  S.10h-12h30/14h-17h,47.193775,-1.724154
"BIBLIOTHEQUE ""Louise Michel""",77 rue Joliot Curie,44720,SAINT JOACHIM,02.40.61.69.22,bibliotheque@saint-joachim.fr,L. 16h-18h   Ma 10h-13h/14h-18h  V. 18h-20h   S. 10h-13h/14h-18h,47.380944,-2.199491
"MEDIATHEQUE ""Le Passe-Muraille""",5 rue des Heurthauds,44450,SAINT JULIEN DE CONCELLES,02.40.36.50.00,mediatheque.lepassemuraille@saintjuliendeconcelles.fr,"Ma 16h-18h  Me 10h-12h30/14h-18h  V. 16h-19h 
S. 10h-12h30/14h30-17h   D. 10h-12h",47.253083,-1.385551
BIBLIOTHEQUE INTERCOMMUNALE,39 rue de la Libération,44670,SAINT JULIEN DE VOUVANTES,,,Ma 14h-16h30   S. 10h30-12h,47.64216,-1.240942
BIBLIOTHEQUE,6 rue de Nantes,44710,SAINT LEGER LES VIGNES,02.40.34.97.11,,Ma 16h30-18h   V. 16h30-18h   S. 10h30-12h,47.13613,-1.730453
BIBLIOTHEQUE,2 route de la Vendée,44190,SAINT LUMINE DE CLISSON,02.28.21.51.95,,Mer 10h30-12h   S. 10h30-12h   D. 10h30-12h,47.0827,-1.336139
"BIBLIOTHEQUE ""Le PotAmots"" ", 6 place Notre Dame du Châtelier,44310,SAINT LUMINE DE COUTAIS,02.40.02.94.56,bibliotheque.stlumine@orange.fr,Me  10h30-12h   S. 10h30-12h    D. 10h30-12h,47.055688,-1.726786
"MEDIATHEQUE ""Colette""",Rue Jean Macé,44550,SAINT MALO DE GUERSAC,02.40.91.10.21,bibliotheque.stmalodeguersac@wanadoo.fr,Ma 16h-18h  Mer 10h-12h30/14h-18h   V. 16h-19h   S. 10h-12h30/14h-17h,47.353393,-2.179684
BIBLIOTHEQUE,14 rue Saint Médard,44680,SAINT MARS DE COUTAIS,02.40.31.54.62,,Ma 16h45-17h45   Me 16h45-17h45   S. 11h30-12h30   D. 10h30-11h30,47.112587,-1.734232
BIBLIOTHEQUE,25 rue du 3 août 1944,44850,SAINT MARS DU DESERT,02.40.29.62.09,,Mer 10h-12h/15h-17h   V. 17h-18h30   S. 10h-12h,47.363848,-1.405583
"BIBLIOTHEQUE ""Les Mots passant"" ",18 avenue C.H. de Cossé Brissac,44540,SAINT MARS LA JAILLE,02.40.34.46.64,lesmotspassant@saint-mars-la-jaille.fr,Mer 10h-11h30/15h-18h  V. 18h-19h30  S. 10h-11h30  D. 10h-11h30,47.48269,-1.104094
BIBLIOTHEQUE,rue de la Ville en bois,44270,SAINT MEME LE TENU,,,S. 11h-12h   D. 10h30-12h15,47.015682,-1.796699
"MEDIATHEQUE ""Lettres de mon moulin""",22 bis rue du Redois,44730,SAINT MICHEL CHEF CHEF,02.40.27.86.30,mediatheque@stmichelchefchef.fr,"Ma 16h-18h30   Me 10h-12h/14h-18h30   J. 16h-18h30   V. 16h-19h  
S. 10h-12h/14h-18h",47.180988,-2.150369
BIBLIOTHEQUE MUNICIPALE,2 place de Tabago,44460,SAINT NICOLAS DE REDON,02.99.71.10.92,bibliotheque.st-nicolas@wanadoo.fr,Ma 16h30-18h30  Mer 10h-12h/14h-17h30  V. 16h30-18h30  S. 10h-12h30,47.644411,-2.07074
"BIBLIOTHEQUE ""Livres Y Médias""",2 rue de la Gare,44320,SAINT PERE EN RETZ,02.40.21.78.27,mediatheque@saintpereenretz.fr,"Ma 9h-12h/16h30-18h30   Mer 9h-12h/14h-17h   V. 16h30-18h30  
Sa 9h30-12h30   D. 10h-11h30",47.254685,-2.022255
BIBLIOTHEQUE,Rue Sainte Barbe ,44310,SAINT PHILBERT DE GRANDLIEU,02.40.78.98.56,bibliotheque@stphilbert.fr,Mer 9h30-12h/14h-17h   V. 15h-18h  S. 9h30-12h/14h-16h30,,
"BIBLIOTHEQUE ""Des Landes à Prévert""",2 place de la Mairie,44540,SAINT SULPICE DES LANDES,,,Mer 10h30-12h   S. 10h30-12h (1er),47.574003,-1.205908
BIBLIOTHEQUE MUNICIPALE,18 rue du Faubourg Saint Jean ,44320,SAINT VIAUD,02.40.27.63.04,,"(présente bib du lundi/vend. 9h-18h)
Mer 9h30-11h30   V. 17h30-18h30",47.256081,-2.016684
BIBLIOTHEQUE INTERCOMMUNALE,Rue de la Mairie,44590,SAINT VINCENT DES LANDES,,bibliothequedesvdl@orange.fr,Me 10h30-11h30  S. 11h-12h   D. 11h-12h ,47.655288,-1.496436
BIBLIOTHÈQUE INTERCOMMUNALE,"Rue du Mortier plat, Les Pirogues",44160,SAINTE ANNE SUR BRIVET,02.40.91.84.88,bibliosainteanne@cc-paysdepontchateau.fr  ,Me 14h30-18h    V. 16h-18h30   S. 10h-12h,47.45902,-2.004464
"BIBLIOTHEQUE ""A livre ouvert""",32 avenue de la Source,44680,SAINTE PAZANNE,02.40.02.69.13,bibliotheque@sainte-pazanne.com,Mer 10h-12h30/14h-17h   V. 10h-12h30/17h-19h    S. 10h-15h  ,47.10131,-1.809629
BIBLIOTHEQUE INTERCOMMUNALE,7 rue du Père Montfort,44160,SAINTE REINE DE BRETAGNE,02.51.10.86.48,bibliosaintereine@cc-paysdepontchateau.fr,Me 14h-17h   J. 16h-19h  S. 10h-12h,47.440903,-2.191288
BIBLIOTHEQUE,33 rue de la Vallée,44880,SAUTRON,02.40.63.52.21,bibliotheque@sautron.fr, L. 16h30-18h30  Ma 16h30-18h30  Me 10h30-12h/14h30-18h30  V.16h30-18h30  S.10h30-12h,47.26448,-1.673199
BIBLIOTHEQUE INTERCOMMUNALE,Place de l'Hôtel de Ville   ,44260,SAVENAY,02.40.56.96.95,mediatheque.savenay@cc-loiresillon.fr, L 16h30-18h30   Ma 16h30-18h30  Mer 10h-12h30/15h-18h30   V. 16h30-18h30   S. 10h-12h30,47.359308,-1.943584
BIBLIOTHÈQUE INTERCOMMUNALE,2 rue de la Gagnerie ,44530,SEVERAC,02.40.88.73.23,biblioseverac@cc-paysdepontchateau.fr,Mer  14h-18h   V. 16h-18h   S. 9h-12h,47.5197,-1.955174
"BIBLIOTHEQUE INTERCOMMUNALE ""Le cœur à lire""",Place du Breil,44590,SION LES MINES,02.40.28.96.09,bibliothequedesionlesmines@orange.fr,Me 10h30-12h   J. 17h30-18h30 (1er)   S. 10h30-12h    D. 10h30-12h,47.736797,-1.591203
BIBLIOTHEQUE MUNICIPALE,35 rue des Ecoles ,44840,SORINIERES (LES),02.40.04.48.92,bibliotheque.lessorinieres@wanadoo.fr,"Ma 10h-12h/16h-18h    Mer 10h-12h/14h-18h  
 V. 10h-12h/16h-18h30    S. 9h-11h30",47.1498353,-1.5270249
BIBLIOTHEQUE INTERCOMMUNALE,7 rue Julien Masson,44110,SOUDAN,,biblio.soudan@orange.fr,Mer 14h30-16h   J.14h-16h30   S. 10h-11h30,47.735867,-1.301582
BIBLIOTHEQUE INTERCOMMUNALE,2 rue de Brutz,44660,SOULVACHE,,biblio.soulvache.ccc@orange.fr,Mer 16h30-18h   J. 14h-16h30   S. 11h-12h30 ,47.829425,-1.477634
BIBLIOTHEQUE MUNICIPALE,101 rue de la Mairie,44240,SUCE SUR ERDRE,02.40.77.95.21,bibliotheque@suce-sur-erdre.fr,Mer 10h-12h/14h30-18h30   V. 16h30-18h30  S. 10h-12h  D. 10h-12h,47.339565,-1.526084
BIBLIOTHEQUE,Rue du Clos Olivier,44440,TEILLE,02.40.97.23.15,bibliotheque.teille@orange.fr,Mer 10h30-12h30   S. 10h30-12h30   D. 10h30-12h30,47.462913,-1.278637
"MEDIATHEQUE ""Le Marque-Page""",6 bis rue Georges Bonnet,44360,TEMPLE DE BRETAGNE (LE),02.40.05.46.70,mediathequeletempledebretagne@orange.fr,Mer 10h-12h30/15h-18h  V. 16h30-18h30   S. 10h-12h30,47.331696,-1.793819
"BIBLIOTHEQUE MUNICPALE ""Expression plurielle""",23 bis rue de Mauves ,44470,THOUARE SUR LOIRE,02.51.85.90.57,nathalie.peignon@mairie-thouare.fr,L. 16h-19h  Me 10h-12h/14h-19h  S. 10h-12h/14h-19h  D. 10h-12h,47.268848,-1.436702
"BIBLIOTHEQUE ""Mille et une pages"" ",Rue du Mont Juillet,44390,TOUCHES (LES),02.40.72.43.96,bibliotheque@lestouches.fr,Mer 10h30-12h30/16h-17h30   S. 10h30-12h30,47.44241,-1.435584
"BIBLIOTHEQUE ""La Touvoisienne""",rue de l'Eglise,44650,TOUVOIS,,,Me 10h-11h30  S. 14h30-16h,46.90231,-1.683759
BIBLIOTHEQUE,Rue des Blés noirs,44440,TRANS SUR ERDRE,02.28.21.84.77,,Mer 10h30-12h   V 18h30-19h45  D. 11h15-12h30,47.51653,-1.291259
"BIBLIOTHEQUE INTERCOMMUNALE ""L'Arbre aux livres""",2 place Saint Grégoire,44170,TREFFIEUX,02.40.87.41.59,biblio.treffieux@orange.fr,Me 10h30-12h   S. 10h30-12h   D. 10h30-12h,47.61954,-1.538191
"BIBLIOTHEQUE MUNICIPALE ""A Tout Lire""",12 place de la Liberté,44119,TREILLIERES,02.40.94.61.76,bibliotheque@treillieres.fr,"Ma 16h-18h  Mer 10h-12h/14h-18h   J. 10h-12h/16h-18h  
S. 10h-12h30/14h-16h30    D. 10h30-12h",47.331076,-1.623616
BIBLIOTHEQUE MUNICIPALE,Rue Emile Combes,44570,TRIGNAC,02.40.90.32.66,clhalgand@mairie-trignac.fr,"Ma 16h-18h30  Mer 10h-12h30/14h-18h J. 16h-18h30 V. 16h-18h
S. 10h-12h30/14h-17h",47.320699,-2.188196
BIBLIOTHEQUE MUNICIPALE,Espace Garlahy Place du Marché,44420,TURBALLE (LA),02.40.23.33.28,bibliotheque@mairielaturballe.fr,"Ma 16h-19h    Mer 9h-12h/14h-18h   V. 16h-19h   
S. 9h-12h/14h-18h   ",47.3496032,-2.5124662
"MEDIATHEQUE INTERCOMMUNALE ""Mille et une pages""",16 rue Emile Gabory,44330,VALLET,02.40.33.91.84,JALLARD@vallet.fr,Ma 16h30-18h  Mer 10h30-12h/15h-18h  V. 15h-19h  S. 10h30-12h/15h-17h  D. 10h30-12h,47.160959,-1.268772
BIBLIOTHEQUE,L'Ecole Buissonnière,44370,VARADES,02.40.98.33.89,bibliothequemunicipale@varades.fr,Mer 10h-12h/14h-18h   J. 10h-12h  V. 16h-19h  S. 10h-13h/14h30-17h,47.38491,-1.030304
"BIBLIOTHEQUE INTERCOMMUNALE ""La Grange aux Livres""",5 rue Principale,44170,VAY,02.40.79.56.46,,Me 10h30-12h/17h-18h30   S. 10h30-12h   D. 10h30-12h,47.554166,-1.702905
"BIBLIOTHEQUE ""La Petite B""",10 rue du Pré au Bois,44116,VIEILLEVIGNE,02.40.32.57.56,bibliotheque@vieillevigne44.com,Mer 15h-18h   V. 18h30-19h30  S. 11h-12h,46.97108,-1.430879
BIBLIOTHEQUE MUNICPALE,8 rue Anne de Bretagne LA PAQUELAIS,44360,VIGNEUX DE BRETAGNE,,bibliotheque@vigneuxdebretagne.fr,Mer 10h30-12h    D. 10h30-12h    ,47.274443,-1.781797
BIBLIOTHEQUE INTERCOMMUNALE,Place de l'Eglise,44110,VILLEPOT,02.40.28.10.39,bibliovillepot@orange.fr,Ma 10h-12h   Mer 14h30-15h30  D. 10h30-12h,47.77567,-1.278579
BIBLIOTHEQUE,Place de l'Eglise,44540,VRITZ,,,Mer 10h-11h30 (2/mois),47.48269,-1.104094
"BIBLIOTHEQUE MUNICIPALE ""La Pause lecture""",13 route de Nantes,44640,VUE,02.40.21.24.87,lapauselecture@orange.fr ,Mer 10h30-12h  S. 10h30-11h30,47.200343,-1.874274
